-- phpMyAdmin SQL Dump
-- version 5.2.0
-- https://www.phpmyadmin.net/
--
-- Хост: localhost
-- Время создания: Фев 03 2023 г., 14:25
-- Версия сервера: 8.0.29
-- Версия PHP: 7.2.34

SET SQL_MODE = "NO_AUTO_VALUE_ON_ZERO";
START TRANSACTION;
SET time_zone = "+00:00";


/*!40101 SET @OLD_CHARACTER_SET_CLIENT=@@CHARACTER_SET_CLIENT */;
/*!40101 SET @OLD_CHARACTER_SET_RESULTS=@@CHARACTER_SET_RESULTS */;
/*!40101 SET @OLD_COLLATION_CONNECTION=@@COLLATION_CONNECTION */;
/*!40101 SET NAMES utf8mb4 */;

--
-- База данных: `aqvasitedb`
--

-- --------------------------------------------------------

--
-- Структура таблицы `categories`
--
-- MySQL Script generated by MySQL Workbench
-- Tue Sep  6 11:03:28 2022
-- Model: New Model    Version: 1.0
-- MySQL Workbench Forward Engineering

SET @OLD_UNIQUE_CHECKS=@@UNIQUE_CHECKS, UNIQUE_CHECKS=0;
SET @OLD_FOREIGN_KEY_CHECKS=@@FOREIGN_KEY_CHECKS, FOREIGN_KEY_CHECKS=0;
SET @OLD_SQL_MODE=@@SQL_MODE, SQL_MODE='ONLY_FULL_GROUP_BY,STRICT_TRANS_TABLES,NO_ZERO_IN_DATE,NO_ZERO_DATE,ERROR_FOR_DIVISION_BY_ZERO,NO_ENGINE_SUBSTITUTION';

-- -----------------------------------------------------
-- Schema aqvaSiteDB
-- -----------------------------------------------------
DROP SCHEMA IF EXISTS `aqvaSiteDB` ;

-- -----------------------------------------------------
-- Schema aqvaSiteDB
-- -----------------------------------------------------
CREATE SCHEMA IF NOT EXISTS `aqvaSiteDB` DEFAULT CHARACTER SET utf8 ;
SHOW WARNINGS;
USE `aqvaSiteDB` ;


SET SQL_MODE=@OLD_SQL_MODE;
SET FOREIGN_KEY_CHECKS=@OLD_FOREIGN_KEY_CHECKS;
SET UNIQUE_CHECKS=@OLD_UNIQUE_CHECKS;

CREATE TABLE `categories` (
  `idCategories` int NOT NULL,
  `name` varchar(255) NOT NULL,
  `createdAt` datetime NOT NULL,
  `updatedAt` datetime NOT NULL
) ENGINE=InnoDB DEFAULT CHARSET=utf8mb3;

--
-- Дамп данных таблицы `categories`
--

INSERT INTO `categories` (`idCategories`, `name`, `createdAt`, `updatedAt`) VALUES
(4, 'Fishes', '2023-02-03 09:36:40', '2023-02-03 09:36:40'),
(5, 'Corals and Anemones', '2023-02-03 09:36:59', '2023-02-03 09:36:59'),
(6, 'Plants', '2023-02-03 09:37:12', '2023-02-03 09:37:12'),
(7, 'Invertebrates', '2023-02-03 09:37:32', '2023-02-03 09:37:32'),
(8, 'Skyfish', '2023-02-03 09:40:23', '2023-02-03 09:40:23');

--
-- Триггеры `categories`
--
DELIMITER $$
CREATE TRIGGER `category_AFTER_delete` AFTER DELETE ON `categories` FOR EACH ROW BEGIN
delete from `types` where `types`.idCategory = old.idCategories;
END
$$
DELIMITER ;

-- --------------------------------------------------------

--
-- Структура таблицы `companies`
--

CREATE TABLE `companies` (
  `idCompany` int NOT NULL,
  `name` varchar(255) NOT NULL,
  `description` varchar(255) DEFAULT NULL,
  `pickUpAddress` varchar(255) NOT NULL,
  `phone` varchar(255) DEFAULT NULL,
  `email` varchar(255) DEFAULT NULL,
  `createdAt` datetime NOT NULL,
  `updatedAt` datetime NOT NULL
) ENGINE=InnoDB DEFAULT CHARSET=utf8mb3;

--
-- Дамп данных таблицы `companies`
--

INSERT INTO `companies` (`idCompany`, `name`, `description`, `pickUpAddress`, `phone`, `email`, `createdAt`, `updatedAt`) VALUES
(2, 'UkrAqvarium', '', 'ATTN - DENIS MENES CEO Global Co. 93255 Brodway Str. New York sity', '+35555555555', 'xee@asd', '2023-02-03 10:09:34', '2023-02-03 10:53:51'),
(3, 'FishCorp', '', 'ATTN - DENIS MENES CEO Global Co. 93255 Brodway Str. New York sity', '+555555555555', 'dwewd@asdad', '2023-02-03 10:39:53', '2023-02-03 10:54:23'),
(4, 'NAVY', '', ' Global Co. 93255 Brodway Str. New York sity', '+55555555553', 'dsf@sdf', '2023-02-03 10:41:48', '2023-02-03 10:54:47'),
(5, 'Forel', '', 'ATTN - DENIS MENES CEO Global Co', '+65565655552', 'fhfgh@asd', '2023-02-03 10:46:50', '2023-02-03 10:55:58');

-- --------------------------------------------------------

--
-- Структура таблицы `genusies`
--

CREATE TABLE `genusies` (
  `idGenus` int NOT NULL,
  `name` varchar(255) NOT NULL,
  `idType` int NOT NULL,
  `createdAt` datetime NOT NULL,
  `updatedAt` datetime NOT NULL
) ENGINE=InnoDB DEFAULT CHARSET=utf8mb3;

--
-- Дамп данных таблицы `genusies`
--

INSERT INTO `genusies` (`idGenus`, `name`, `idType`, `createdAt`, `updatedAt`) VALUES
(1, 'Geralds', 1, '2023-02-03 10:01:56', '2023-02-03 10:01:56'),
(2, 'storms', 2, '2023-02-03 10:26:18', '2023-02-03 10:26:18'),
(3, 'flores', 3, '2023-02-03 10:28:25', '2023-02-03 10:28:25'),
(4, 'coral', 7, '2023-02-03 10:29:14', '2023-02-03 10:29:14'),
(5, 'Great flit', 8, '2023-02-03 10:30:47', '2023-02-03 10:30:47'),
(6, 'colorfull', 5, '2023-02-03 10:36:31', '2023-02-03 10:36:31');

--
-- Триггеры `genusies`
--
DELIMITER $$
CREATE TRIGGER `genus_AFTER_delete` AFTER DELETE ON `genusies` FOR EACH ROW BEGIN
delete from `positions` where `positions`.`idGenus` = old.`idGenus`;
END
$$
DELIMITER ;

-- --------------------------------------------------------

--
-- Структура таблицы `images`
--

CREATE TABLE `images` (
  `idPosition` int NOT NULL,
  `idImage` int NOT NULL,
  `imageSRC` varchar(255) NOT NULL,
  `color` varchar(255) DEFAULT NULL,
  `idUser` int NOT NULL,
  `createdAt` datetime NOT NULL,
  `updatedAt` datetime NOT NULL
) ENGINE=InnoDB DEFAULT CHARSET=utf8mb3;

--
-- Дамп данных таблицы `images`
--

INSERT INTO `images` (`idPosition`, `idImage`, `imageSRC`, `color`, `idUser`, `createdAt`, `updatedAt`) VALUES
(1, 1, 'uploads\\03022023-120819_0631-1.png', '#7158ee', 1, '2023-02-03 10:08:19', '2023-02-03 10:08:19'),
(1, 2, 'uploads\\03022023-120851_8341618478028_29-krasivosti_pro-p-sinie-akvariumnie-ribki-ribi-krasivo-foto-32.jpg', '#1a01d5', 1, '2023-02-03 10:08:51', '2023-02-03 10:08:51'),
(2, 3, 'uploads\\03022023-121006_57612358.ozey4o.300.jpg', '#000000', 1, '2023-02-03 10:10:06', '2023-02-03 10:10:06'),
(2, 4, 'uploads\\03022023-121023_1821618410658_12-krasivosti_pro-p-khvost-ribi-ribi-krasivo-foto-15.jpg', '#f19a04', 1, '2023-02-03 10:10:23', '2023-02-03 10:10:23'),
(8, 5, 'uploads\\03022023-123807_883amphiprion-ocellaris.jpg', '#f08205', 1, '2023-02-03 10:38:07', '2023-02-03 10:38:07'),
(8, 6, 'uploads\\03022023-123833_351images (9).jpg', '#0d3dfd', 1, '2023-02-03 10:38:33', '2023-02-03 10:38:33'),
(9, 7, 'uploads\\03022023-123855_4201618445738_38-krasivosti_pro-p-zheltie-akvariumnie-ribki-ribi-krasivo-fot-41.jpg', '#eaed0c', 1, '2023-02-03 10:38:55', '2023-02-03 10:38:55'),
(9, 8, 'uploads\\03022023-123909_285images (8).jpg', '#054bf0', 1, '2023-02-03 10:39:09', '2023-02-03 10:39:09'),
(5, 9, 'uploads\\03022023-124108_510amfiprion-oranzhevyj.jpg', '#deddf3', 1, '2023-02-03 10:41:08', '2023-02-03 10:41:08'),
(5, 10, 'uploads\\03022023-124127_066rybki-klouny-zhivut-stajkami-so-strogoj-ierarhiej.jpg', '#65eaec', 1, '2023-02-03 10:41:27', '2023-02-03 10:41:27'),
(7, 11, 'uploads\\03022023-124246_929black mollies.jpg', '#000000', 1, '2023-02-03 10:42:46', '2023-02-03 10:42:46'),
(7, 12, 'uploads\\03022023-124258_1371-1.png', '#247ef5', 1, '2023-02-03 10:42:58', '2023-02-03 10:42:58'),
(3, 13, 'uploads\\03022023-124613_136belaya-skalyariya-vneshnij-vid.jpg', '#f4f0f0', 1, '2023-02-03 10:46:13', '2023-02-03 10:46:13'),
(3, 14, 'uploads\\03022023-124625_038bf04b65914e1d5e925a42061a89de134.jpg', '#f3a5a5', 1, '2023-02-03 10:46:25', '2023-02-03 10:46:25'),
(4, 15, 'uploads\\03022023-124747_150labeo-bikolor-karasik.jpg', '#ea5757', 1, '2023-02-03 10:47:47', '2023-02-03 10:47:47'),
(4, 16, 'uploads\\03022023-124801_067images (6).jpg', '#bff109', 1, '2023-02-03 10:48:01', '2023-02-03 10:48:01'),
(1, 17, 'uploads\\03022023-131856_095images (2).jpg', '#5ddfd6', 2, '2023-02-03 11:18:56', '2023-02-03 11:18:56'),
(2, 18, 'uploads\\03022023-131922_888images (20).jpg', '#0bdab8', 2, '2023-02-03 11:19:22', '2023-02-03 11:19:22'),
(3, 19, 'uploads\\03022023-131941_959krasivye-akvariumnye-rybki-30-foto-30.jpg', '#6808f7', 2, '2023-02-03 11:19:41', '2023-02-03 11:19:41'),
(4, 20, 'uploads\\03022023-132011_415krasnye-rybki-v-akvariume-vsegda-privlekayut-vnimanie.jpg', '#ec0909', 2, '2023-02-03 11:20:11', '2023-02-03 11:20:11'),
(6, 21, 'uploads\\03022023-132030_356images (1).jpg', '#f40b0b', 2, '2023-02-03 11:20:30', '2023-02-03 11:20:30'),
(1, 22, 'uploads\\03022023-132115_967images (18).jpg', '#cd02e8', 3, '2023-02-03 11:21:15', '2023-02-03 11:21:15'),
(2, 23, 'uploads\\03022023-132206_520images (21).jpg', '#2e3884', 3, '2023-02-03 11:22:06', '2023-02-03 11:22:06'),
(3, 24, 'uploads\\03022023-132222_328images (19).jpg', '#719d20', 3, '2023-02-03 11:22:22', '2023-02-03 11:22:22'),
(4, 25, 'uploads\\03022023-132236_015images (5).jpg', '#000000', 3, '2023-02-03 11:22:36', '2023-02-03 11:22:36');

-- --------------------------------------------------------

--
-- Структура таблицы `orderlists`
--

CREATE TABLE `orderlists` (
  `idUser` int DEFAULT NULL,
  `idOrder` int NOT NULL,
  `total` float DEFAULT '0',
  `orderStatus` tinyint(1) DEFAULT '0',
  `createdAt` datetime NOT NULL,
  `updatedAt` datetime NOT NULL
) ENGINE=InnoDB DEFAULT CHARSET=utf8mb3;

--
-- Дамп данных таблицы `orderlists`
--

INSERT INTO `orderlists` (`idUser`, `idOrder`, `total`, `orderStatus`, `createdAt`, `updatedAt`) VALUES
(1, 1, 5693.1, 1, '2023-02-03 11:06:35', '2023-02-03 11:15:06'),
(1, 2, 0, 0, '2023-02-03 11:17:02', '2023-02-03 11:17:02');

-- --------------------------------------------------------

--
-- Структура таблицы `orders`
--

CREATE TABLE `orders` (
  `id` int NOT NULL,
  `idOrder` int DEFAULT NULL,
  `idPosition` int DEFAULT NULL,
  `amount` int DEFAULT NULL,
  `coastPerOne` float DEFAULT NULL,
  `totalCoast` float NOT NULL,
  `company` varchar(255) DEFAULT NULL,
  `createdAt` datetime NOT NULL,
  `updatedAt` datetime NOT NULL
) ENGINE=InnoDB DEFAULT CHARSET=utf8mb3;

--
-- Дамп данных таблицы `orders`
--

INSERT INTO `orders` (`id`, `idOrder`, `idPosition`, `amount`, `coastPerOne`, `totalCoast`, `company`, `createdAt`, `updatedAt`) VALUES
(9, 1, 1, 10, 32.5, 325, 'UkrAqvarium', '2023-02-03 11:14:13', '2023-02-03 11:15:06'),
(10, 1, 2, 2, 155.6, 311.2, 'UkrAqvarium', '2023-02-03 11:14:24', '2023-02-03 11:15:06'),
(11, 1, 3, 6, 788.5, 4731, 'Forel', '2023-02-03 11:14:33', '2023-02-03 11:15:06'),
(12, 1, 5, 1, 195.5, 195.5, 'NAVY', '2023-02-03 11:14:42', '2023-02-03 11:15:06'),
(13, 1, 8, 2, 37.7, 75.4, 'FishCorp', '2023-02-03 11:14:50', '2023-02-03 11:15:06'),
(14, 1, 9, 1, 55, 55, 'FishCorp', '2023-02-03 11:14:57', '2023-02-03 11:15:06'),
(15, 2, 1, 1, 32.5, 32.5, 'UkrAqvarium', '2023-02-03 11:17:02', '2023-02-03 11:17:02'),
(16, 2, 2, 2, 155.6, 311.2, 'UkrAqvarium', '2023-02-03 11:17:10', '2023-02-03 11:17:10');

-- --------------------------------------------------------

--
-- Структура таблицы `positions`
--

CREATE TABLE `positions` (
  `idPosition` int NOT NULL,
  `name` varchar(255) NOT NULL,
  `description` varchar(255) DEFAULT NULL,
  `coast` float DEFAULT NULL,
  `amount` int NOT NULL,
  `company` varchar(255) NOT NULL,
  `idGenus` int NOT NULL,
  `createdAt` datetime NOT NULL,
  `updatedAt` datetime NOT NULL
) ENGINE=InnoDB DEFAULT CHARSET=utf8mb3;

--
-- Дамп данных таблицы `positions`
--

INSERT INTO `positions` (`idPosition`, `name`, `description`, `coast`, `amount`, `company`, `idGenus`, `createdAt`, `updatedAt`) VALUES
(1, 'Gerald sky', 'blue fish', 32.5, 5, 'UkrAqvarium', 1, '2023-02-03 10:02:33', '2023-02-03 11:15:06'),
(2, 'gerald king', 'Bigest gerald fish', 155.6, 6, 'UkrAqvarium', 1, '2023-02-03 10:03:18', '2023-02-03 11:15:06'),
(3, 'storm Spaike', 'Lorem ipsum dolor sit amet consectetur adipisicing elit. Culpa maiores, vel tempore inventore ullam laborum exercitationem placeat labore laudantium eius commodi, sit in recusandae ab dignissimos officia sunt, deserunt adipisci.', 788.5, 10, 'Forel', 2, '2023-02-03 10:27:12', '2023-02-03 11:15:06'),
(4, 'Forelium', 'Lorem ipsum dolor sit amet consectetur adipisicing elit. Culpa maiores, vel tempore inventore ullam laborum exercitationem placeat labore laudantium eius commodi, sit in recusandae ab dignissimos officia sunt, deserunt adipisci.', 35, 6, '', 3, '2023-02-03 10:28:37', '2023-02-03 10:58:45'),
(5, 'Coral big', 'Lorem ipsum dolor sit amet consectetur adipisicing elit. Culpa maiores, vel tempore inventore ullam laborum exercitationem placeat labore laudantium eius commodi, sit in recusandae ab dignissimos officia sunt, deserunt adipisci.', 195.5, 2, 'NAVY', 4, '2023-02-03 10:29:49', '2023-02-03 11:15:06'),
(6, 'long coral', '', NULL, 0, '', 4, '2023-02-03 10:30:13', '2023-02-03 10:53:18'),
(7, 'Flit', 'Lorem ipsum dolor sit amet consectetur adipisicing elit. Culpa maiores, vel tempore inventore ullam laborum exercitationem placeat labore laudantium eius commodi, sit in recusandae ab dignissimos officia sunt, deserunt adipisci.', 1, 15, 'NAVY', 5, '2023-02-03 10:31:00', '2023-02-03 10:54:47'),
(8, 'Clounfish', 'Lorem ipsum dolor sit amet consectetur adipisicing elit. Culpa maiores, vel tempore inventore ullam laborum exercitationem placeat labore laudantium eius commodi, sit in recusandae ab dignissimos officia sunt, deserunt adipisci.', 37.7, 0, 'FishCorp', 6, '2023-02-03 10:37:08', '2023-02-03 11:15:06'),
(9, 'Fine fish', '', 55, 4, 'FishCorp', 6, '2023-02-03 10:37:25', '2023-02-03 11:15:06');

--
-- Триггеры `positions`
--
DELIMITER $$
CREATE TRIGGER `position_AFTER_delete` AFTER DELETE ON `positions` FOR EACH ROW BEGIN
delete from `images` where `images`.`idPosition` = old.`idPosition`;
END
$$
DELIMITER ;

-- --------------------------------------------------------

--
-- Структура таблицы `types`
--

CREATE TABLE `types` (
  `idType` int NOT NULL,
  `name` varchar(255) NOT NULL,
  `idCategory` varchar(255) NOT NULL,
  `createdAt` datetime NOT NULL,
  `updatedAt` datetime NOT NULL
) ENGINE=InnoDB DEFAULT CHARSET=utf8mb3;

--
-- Дамп данных таблицы `types`
--

INSERT INTO `types` (`idType`, `name`, `idCategory`, `createdAt`, `updatedAt`) VALUES
(1, 'Anemonenfish', '4', '2023-02-03 09:39:07', '2023-02-03 09:39:07'),
(2, 'Doctorfish', '4', '2023-02-03 09:39:16', '2023-02-03 09:39:16'),
(3, 'Korallfish', '4', '2023-02-03 09:39:33', '2023-02-03 09:39:33'),
(4, 'Knifefish', '4', '2023-02-03 09:39:39', '2023-02-03 09:39:39'),
(5, 'Clownfish', '4', '2023-02-03 09:39:47', '2023-02-03 09:39:47'),
(6, 'Lipsfish', '4', '2023-02-03 09:40:11', '2023-02-03 09:40:11'),
(7, 'fines', '5', '2023-02-03 10:29:07', '2023-02-03 10:29:07'),
(8, 'Lorem', '8', '2023-02-03 10:30:35', '2023-02-03 10:30:35');

--
-- Триггеры `types`
--
DELIMITER $$
CREATE TRIGGER `types_AFTER_delete` AFTER DELETE ON `types` FOR EACH ROW BEGIN
delete from `genusies` where `genusies`.`idType` = old.`idType`;
END
$$
DELIMITER ;

-- --------------------------------------------------------

--
-- Структура таблицы `userinfos`
--

CREATE TABLE `userinfos` (
  `idUserInfo` int NOT NULL,
  `idUser` int NOT NULL,
  `imageSRC` varchar(255) DEFAULT NULL,
  `country` varchar(255) DEFAULT NULL,
  `address` varchar(255) DEFAULT NULL,
  `city` varchar(255) DEFAULT NULL,
  `phone` varchar(255) DEFAULT NULL,
  `createdAt` datetime NOT NULL,
  `updatedAt` datetime NOT NULL
) ENGINE=InnoDB DEFAULT CHARSET=utf8mb3;

--
-- Дамп данных таблицы `userinfos`
--

INSERT INTO `userinfos` (`idUserInfo`, `idUser`, `imageSRC`, `country`, `address`, `city`, `phone`, `createdAt`, `updatedAt`) VALUES
(1, 1, 'uploads\\usersAvatars\\admin.jpg', 'Ukraine', 'Nauky', 'Kharkiv', '+38000000000', '2023-02-03 09:19:20', '2023-02-03 09:31:08'),
(2, 2, 'uploads\\usersAvatars\\admin1.jpg', NULL, NULL, NULL, NULL, '2023-02-03 09:20:27', '2023-02-03 11:18:26'),
(3, 3, 'uploads\\usersAvatars\\admin2.jpg', NULL, NULL, NULL, NULL, '2023-02-03 09:24:20', '2023-02-03 11:21:33'),
(4, 4, NULL, NULL, NULL, NULL, NULL, '2023-02-03 09:26:09', '2023-02-03 09:26:09');

-- --------------------------------------------------------

--
-- Структура таблицы `users`
--

CREATE TABLE `users` (
  `idUser` int NOT NULL,
  `username` varchar(255) NOT NULL,
  `email` varchar(255) NOT NULL,
  `password` varchar(255) NOT NULL,
  `emailVerification` tinyint(1) NOT NULL DEFAULT '0',
  `superUserStatus` tinyint(1) NOT NULL DEFAULT '0',
  `createdAt` datetime NOT NULL,
  `updatedAt` datetime NOT NULL
) ENGINE=InnoDB DEFAULT CHARSET=utf8mb3;

--
-- Дамп данных таблицы `users`
--

INSERT INTO `users` (`idUser`, `username`, `email`, `password`, `emailVerification`, `superUserStatus`, `createdAt`, `updatedAt`) VALUES
(1, 'admin', 'admin@admin.com', '$2a$10$AcnTHfa8TFeeXNSQHxCZd.FbSjJIb8dTuhYBw87KxP9izLoyxY01a', 0, 0, '2023-02-03 09:19:20', '2023-02-03 09:19:20'),
(2, 'admin1', 'admin1@admin.com', '$2a$10$0jx3N55M7Bti2a6RSt3A1eCdyhrzkixCQavJGx01BRYFTFTiAJH0.', 0, 0, '2023-02-03 09:20:27', '2023-02-03 09:20:27'),
(3, 'admin2', 'admin2@admin.com', '$2a$10$To/YZEY/CYHhDMELaLIZYuLTgdZL0QeOIEycOGsZzAFEbknRsacZq', 0, 0, '2023-02-03 09:24:20', '2023-02-03 09:24:20'),
(4, 'admin4', 'admin4@admin.com', '$2a$10$KnXaN/u5ye60X6TkkzhdLe3Aa8x2k/jcunUQNDeqwN3onTJw/Utpm', 0, 0, '2023-02-03 09:26:09', '2023-02-03 09:26:09');

--
-- Индексы сохранённых таблиц
--

--
-- Индексы таблицы `categories`
--
ALTER TABLE `categories`
  ADD PRIMARY KEY (`idCategories`);

--
-- Индексы таблицы `companies`
--
ALTER TABLE `companies`
  ADD PRIMARY KEY (`idCompany`);

--
-- Индексы таблицы `genusies`
--
ALTER TABLE `genusies`
  ADD PRIMARY KEY (`idGenus`);

--
-- Индексы таблицы `images`
--
ALTER TABLE `images`
  ADD PRIMARY KEY (`idImage`);

--
-- Индексы таблицы `orderlists`
--
ALTER TABLE `orderlists`
  ADD PRIMARY KEY (`idOrder`);

--
-- Индексы таблицы `orders`
--
ALTER TABLE `orders`
  ADD PRIMARY KEY (`id`);

--
-- Индексы таблицы `positions`
--
ALTER TABLE `positions`
  ADD PRIMARY KEY (`idPosition`);

--
-- Индексы таблицы `types`
--
ALTER TABLE `types`
  ADD PRIMARY KEY (`idType`);

--
-- Индексы таблицы `userinfos`
--
ALTER TABLE `userinfos`
  ADD PRIMARY KEY (`idUserInfo`);

--
-- Индексы таблицы `users`
--
ALTER TABLE `users`
  ADD PRIMARY KEY (`idUser`);

--
-- AUTO_INCREMENT для сохранённых таблиц
--

--
-- AUTO_INCREMENT для таблицы `categories`
--
ALTER TABLE `categories`
  MODIFY `idCategories` int NOT NULL AUTO_INCREMENT, AUTO_INCREMENT=9;

--
-- AUTO_INCREMENT для таблицы `companies`
--
ALTER TABLE `companies`
  MODIFY `idCompany` int NOT NULL AUTO_INCREMENT, AUTO_INCREMENT=7;

--
-- AUTO_INCREMENT для таблицы `genusies`
--
ALTER TABLE `genusies`
  MODIFY `idGenus` int NOT NULL AUTO_INCREMENT, AUTO_INCREMENT=7;

--
-- AUTO_INCREMENT для таблицы `images`
--
ALTER TABLE `images`
  MODIFY `idImage` int NOT NULL AUTO_INCREMENT, AUTO_INCREMENT=26;

--
-- AUTO_INCREMENT для таблицы `orderlists`
--
ALTER TABLE `orderlists`
  MODIFY `idOrder` int NOT NULL AUTO_INCREMENT, AUTO_INCREMENT=3;

--
-- AUTO_INCREMENT для таблицы `orders`
--
ALTER TABLE `orders`
  MODIFY `id` int NOT NULL AUTO_INCREMENT, AUTO_INCREMENT=17;

--
-- AUTO_INCREMENT для таблицы `positions`
--
ALTER TABLE `positions`
  MODIFY `idPosition` int NOT NULL AUTO_INCREMENT, AUTO_INCREMENT=10;

--
-- AUTO_INCREMENT для таблицы `types`
--
ALTER TABLE `types`
  MODIFY `idType` int NOT NULL AUTO_INCREMENT, AUTO_INCREMENT=9;

--
-- AUTO_INCREMENT для таблицы `userinfos`
--
ALTER TABLE `userinfos`
  MODIFY `idUserInfo` int NOT NULL AUTO_INCREMENT, AUTO_INCREMENT=5;

--
-- AUTO_INCREMENT для таблицы `users`
--
ALTER TABLE `users`
  MODIFY `idUser` int NOT NULL AUTO_INCREMENT, AUTO_INCREMENT=5;
COMMIT;

/*!40101 SET CHARACTER_SET_CLIENT=@OLD_CHARACTER_SET_CLIENT */;
/*!40101 SET CHARACTER_SET_RESULTS=@OLD_CHARACTER_SET_RESULTS */;
/*!40101 SET COLLATION_CONNECTION=@OLD_COLLATION_CONNECTION */;
